{"cameraMode":{"drawMode":0,"name":"Shaded","section":"Shading Mode"},"sceneLighting":true,"audioPlay":false,"sceneViewState":{"showFog":false,"showMaterialUpdate":false,"showSkybox":false,"showFlares":false,"showImageEffects":false,"showParticleSystems":true},"in2DMode":false,"pivot":{"x":-4.0881028175354,"y":0.4659895896911621,"z":1.4993915557861329},"rotation":{"x":-0.0004182817356195301,"y":0.9995361566543579,"z":-0.025803543627262117,"w":-0.016192911192774774},"size":10.0,"orthographic":false}